model,support_safe_test,support_crash_test,accuracy_test,crash_precision_test,crash_recall_test,crash_f1_test,tn,fp,fn,tp
whale_features,1303,46,0.4032616753150482,0.045508982035928146,0.8260869565217391,0.08626560726447219,506,797,8,38
price_only,1303,46,0.9065974796145293,0.023809523809523808,0.043478260869565216,0.03076923076923077,1221,82,44,2
